<?xml version="1.0"?>
	<packageinfo>
		<userinfo>
			<developer>MediaTek Inc</developer>
			<appname>Demo</appname>
			<appversion>2.0.0</appversion>
			<appid>-1</appid>
		</userinfo>
		<targetconfig>
			<mem>800</mem>
		</targetconfig>
		<output>
			<device>2</device>
		</output>
		<options>
			<compile>-mthumb-interwork -c -gdwarf-2 -gstrict-dwarf -fpic -mcpu=arm7tdmi-s -fvisibility=hidden -mthumb -mlittle-endian -O2 -D__COMPILER_GCC__ -fno-exceptions -fno-non-call-exceptions</compile>
			<cppcompile>-fno-rtti -mthumb-interwork -c -gdwarf-2 -gstrict-dwarf -fpic -mcpu=arm7tdmi-s -fvisibility=hidden -mthumb -mlittle-endian -O2 -D__COMPILER_GCC__ -fno-exceptions -fno-non-call-exceptions</cppcompile>
			<link>-Wl,--gc-sections -fpic -pie --specs=nosys.specs -lm</link>
		</options>
	</packageinfo>
